id,name
1,june_schneider
2,wiley_hane
3,verna_romaguera
4,poonam_narain
5,afreen_sidhu
6,dayton_anderson
7,betty_leuschke
8,claudie_satterfield
9,teena_saini
10,hema_kakar
11,chirag_pingle
12,joannie_kub
13,amy_abbott
14,vijay_chaudry
15,austen_ullrich
16,sushmita_deol
17,kavon_gleichner
18,smriti_magar
19,roxanne_walker
20,sumit_nagar
21,pooja_pillay
22,daanish_pal
23,malik_swaminathan
24,ghalib_kibe
25,hetan_deep
26,amina_pouros
27,chameli_khosla
28,dianna_stracke
29,tanay_deol
30,manoj_saxena
31,nelle_kling
32,mayra_yundt
33,aarti_varkey
34,donald_rippin
35,benton_schroeder
36,srinivasan_kata
37,ritika_masih
38,guido_wunsch
39,balaji_suresh
40,abhinav_mathai
41,binod_subramaniam
42,declan_mertz
43,deep_rampersaud
44,delores_bayer
45,john_tank
46,david_oommen
47,allan_leannon
48,nils_corwin
49,ragini_sidhu
50,kailash_dada
51,efren_kris
52,zahir_lachman
53,reanna_smith
54,dhiraj_dhingra
55,naresh_baral
56,gunjan_saini
57,desmond_schuppe
58,nilam_ganguly
59,pushpa_trivedi
60,chitranjan_shan
61,aadil_kanda
62,domenico_jacobi
63,kaleigh_bailey
64,layne_cormier
65,nyasia_dickens
66,manley_schaefer
67,taahid_basak
68,elias_pillai
69,vimala_mand
70,ellis_dibbert
71,anees_chokshi
72,carlo_grady
73,radha_zacharia
74,upasana_balasubramanian
75,mustafa_chadha
76,kajol_sandal
77,colby_price
78,kameron_fritsch
79,monin_sodhi
80,bhairavi_venkataraman
81,rhoda_christiansen
82,sai_rampersaud
83,tanuja_ganguly
84,salvatore_hirthe
85,roma_gibson
86,hoyt_mraz
87,jaeden_bednar
88,estefania_conn
89,eliane_hermiston
90,estrella_parker
91,rory_gorczany
92,yessenia_leannon
93,aarti_mangal
94,avery_gibson
95,kabeer_raghavan
96,palma_glover
97,casey_greenfelder
98,niyati_joshi
99,sapna_chahal
100,nikita_amble
101,serenity_cassin
102,urvashi_rajagopal
103,gunnar_little
104,ghanshyam_kapur
105,carissa_green
106,zeeshan_iyer
107,ambika_talwar
108,hina_agrawal
109,esha_peri
110,isaac_bogisich
111,aayushi_jayaraman
112,david_barman
113,faisal_badami
114,heer_shroff
115,aslam_kalla
116,vijayent_venkatesh
117,randall_gibson
118,david_apte
119,aishwarya_pillay
120,mukti_lal
121,pradeep_nori
122,monin_sidhu
123,hira_randhawa
124,modesto_hermann
125,giaan_dass
126,saige_watsica
127,urmila_behl
128,gayatri_varughese
129,satish_sabharwal
130,kajol_lala
131,moti_wason
132,ehsaan_shroff
133,subhash_srinivasan
134,hassan_kertzmann
135,nupur_sha
136,jayshree_garg
137,mukund_balakrishnan
138,hassan_borah
139,iqbal_ravel
140,radhika_ram
141,habib_salvi
142,isha_george
143,fredrick_robel
144,aastha_issac
145,efrain_nader
146,darian_vonrueden
147,mohit_badami
148,aadil_chada
149,selena_gulgowski
150,hildegard_blanda
151,ken_dickinson
152,ayden_monahan
153,kamini_sagar
154,jagat_gulati
155,oswald_yundt
156,garth_cole
157,juvenal_ebert
158,kajal_merchant
159,rashid_ghose
160,habib_amin
161,daniela_beahan
162,niyati_shankar
163,tomasa_kunde
164,wahid_srinivasan
165,zara_ranganathan
166,aishwarya_nadig
167,catherine_kris
168,casimer_barrows
169,satish_chanda
170,kasturba_chandran
171,layne_block
172,azhar_raju
173,rachael_hane
174,abdul_maharaj
175,pranay_gokhale
176,arun_nawal
177,kirti_kapadia
178,afreen_chadha
179,krishna_acharya
180,coty_rice
181,wafa_bal
182,qabool_kata
183,kushal_devi
184,kobe_johnston
185,arun_shroff
186,tianna_kemmer
187,kushal_pillai
188,parvez_andra
189,veena_bala
190,divya_dada
191,jeanette_casper
192,kaia_shanahan
193,namita_taneja
194,tanuja_ramson
195,vicenta_walsh
196,mateo_prosacco
197,veena_mital
198,madge_aufderhar
199,mohan_maheshwari
200,kirti_naik
201,kobe_lind
202,jerrell_koss
203,aditya_goel
204,danny_friesen
205,jamshed_chaudhry
206,trishana_shukla
207,trishana_sani
208,bhanupriya_chokshi
209,damini_soman
210,karim_char
211,bagwati_shankar
212,yash_sastry
213,ewell_jacobi
214,mohan_mishra
215,preet_zachariah
216,drishti_rege
217,ajeet_kari
218,nayan_kara
219,namita_choudhry
220,jackie_kreiger
221,susanna_o'keefe
222,kiarra_watsica
223,nilam_chacko
224,heer_bhat
225,chitra_koshy
226,nishtha_inani
227,wahid_samuel
228,jaron_baumbach
229,lowell_schimmel
230,adolph_mclaughlin
231,riddhi_mannan
232,nupur_setty
233,fakaruddin_zachariah
234,jessica_swift
235,destini_dooley
236,napoleon_schaefer
237,colleen_hills
238,mariano_borer
239,gerson_rowe
240,aiden_jacobi
241,fakaruddin_kabra
242,cecelia_gleason
243,chameli_krishnan
244,guido_wolf
245,kenneth_hagenes
246,indrani_johal
247,cristian_gutmann
248,indira_gade
249,ritika_bhardwaj
250,chyna_reynolds
251,hetan_masih
252,matt_kuhlman
253,amolika_choudhry
254,aurore_howe
255,jakob_botsford
256,esha_vohra
257,aslam_sama
258,prabhat_saha
259,major_abernathy
260,albert_thomas
261,mustafa_inani
262,aarti_batra
263,merl_lind
264,namita_deshpande
265,mayawati_sahota
266,zelda_mraz
267,pierce_hammes
268,kavon_sporer
269,umar_gade
270,makayla_little
271,lalit_grover
272,aditi_ramkissoon
273,abbas_rama
274,sushmita_tella
275,arlo_ruecker
276,nishtha_chokshi
277,giovanni_parker
278,fatima_persaud
279,chitranjan_suresh
280,rhiannon_ledner
281,lane_torphy
282,brigitte_morar
283,wade_fisher
284,albina_johnson
285,eugenia_haag
286,prerna_nadig
287,harbhajan_bajaj
288,erich_upton
289,torrey_oberbrunner
290,rehman_nazareth
291,jagat_nori
292,maxwell_rutherford
293,heer_arora
294,preshita_luthra
295,krishna_sheth
296,jena_auer
297,candido_sanford
298,shweta_pradhan
299,darpan_bhalla
300,rajendra_sarma
301,lamar_bednar
302,falguni_lachman
303,annamarie_rau
304,radheshyam_kar
305,basanti_karnik
306,vaishali_bath
307,zackary_prosacco
308,elvis_altenwerth
309,subhash_sinha
310,nupoor_sunder
311,narmada_roy
312,fatima_prabhakar
313,jazmyne_heller
314,rakhi_verma
315,diya_rajan
316,kallie_bruen
317,peter_gopal
318,marlo_chakrabarti
319,glenna_donnelly
320,prasoon_warrior
321,magdalena_sipes
322,susana_moore
323,ramesh_arya
324,chitra_sule
325,teagan_roob
326,manish_oza
327,akanksha_raju
328,estevan_daugherty
329,felicita_monahan
330,amelie_cruickshank
331,d'angelo_kohler
332,elias_dani
333,hester_mann
334,reuben_bauch
335,ressie_fritsch
336,nirmal_kulkarni
337,madalyn_bins
338,sunita_mukherjee
339,petra_collins
340,jyoti_doshi
341,nutan_walla
342,camilla_gerhold
343,amrita_sant
344,david_biyani
345,edwin_mcglynn
346,akshay_zacharia
347,deepesh_ramson
348,zeenat_som
349,gauransh_kar
350,diya_merchant
351,parveen_mody
352,nakul_deo
353,tevin_witting
354,andrew_durgan
355,zaad_cherian
356,aditya_nadkarni
357,dashawn_senger
358,kelly_heaney
359,hemendra_amble
360,nupur_sandal
361,lavinia_wiegand
362,lexi_flatley
363,yogesh_meda
364,max_hoeger
365,damini_virk
366,preshita_loke
367,ganesh_doctor
368,lalit_tata
369,yasmin_iyengar
370,alda_funk
371,jasmin_patla
372,umar_dewan
373,catherine_kunde
374,anusha_vaidya
375,roma_pau
376,mridula_sood
377,jennings_green
378,lindsay_bins
379,gajendra_virk
380,elena_langosh
381,sammy_wintheiser
382,nitika_kaul
383,alpa_doshi
384,nishi_kulkarni
385,zeeshan_mahadeo
386,dangelo_carter
387,jacklyn_yost
388,darby_anderson
389,amolika_dass
390,kusum_khatri
391,adele_macejkovic
392,biren_halder
393,azhar_raghavan
394,anya_abernathy
395,luciano_harris
396,satishwar_hegde
397,upasana_ganguly
398,parvez_dhar
399,damini_narayan
400,nandini_nayar
401,lenore_harvey
402,sapna_kala
403,aisha_thaman
404,matt_dicki
405,nupoor_pillai
406,aidan_barrows
407,nitika_raj
408,verna_blanda
409,anastacio_reichel
410,liana_heathcote
411,abbas_narayan
412,clifton_kuphal
413,ora_bechtelar
414,lloyd_lowe
415,akhila_varkey
416,hassie_mccullough
417,anshula_sengupta
418,rimi_rana
419,bhola_chanda
420,chirag_mukherjee
421,amaya_jacobi
422,camylle_strosin
423,rocio_torphy
424,yesenia_waelchi
425,kajal_sankar
426,qabool_mann
427,nilam_sengupta
428,mridula_oak
429,sara_dutt
430,raju_barman
431,alivia_weimann
432,hilda_kuphal
433,prabhat_khurana
434,jazmin_heller
435,sigrid_grimes
436,ajinkya_varma
437,veda_bergstrom
438,owais_surana
439,deonte_aufderhar
440,mac_stiedemann
441,sahil_salvi
442,darrell_ratke
443,pranay_bhattacharyya
444,carolanne_ziemann
445,abigale_goyette
446,morton_swaniawski
447,lawrence_reilly
448,adolphus_auer
449,ananya_chaudry
450,bharat_setty
451,ankita_babu
452,oscar_rippin
453,akhil_chaudhari
454,laverna_smitham
455,amrita_walia
456,sunita_bansal
457,aayushi_gara
458,johnpaul_ernser
459,nakul_kamdar
460,bettie_collier
461,jennie_heathcote
462,rohini_rama
463,umesh_shan
464,aarif_sen
465,javed_rajagopal
466,jorge_russel
467,lorenza_muller
468,angeline_sporer
469,donny_hahn
470,desiree_kirlin
471,walker_weber
472,armani_pacocha
473,narayan_narula
474,akhil_somani
475,radhika_mane
476,emilie_braun
477,habib_gupta
478,vaishali_vaidya
479,wava_cassin
480,aleen_dubuque
481,satish_jha
482,jagruti_vaidya
483,gust_hoppe
484,damini_brar
485,sona_shanker
486,walton_brakus
487,elias_dhillon
488,caleigh_wisoky
489,urvashi_manne
490,alka_mall
491,ruthie_williamson
492,tristin_schimmel
493,diya_luthra
494,kailash_bedi
495,parvez_korpal
496,rakhi_mann
497,armando_hickle
498,akanksha_kar
499,rita_lemke
500,genevieve_harvey
501,pushpa_chandran
502,trenton_koepp
503,faustino_friesen
504,edmund_streich
505,korbin_witting
506,faisal_raja
507,julie_narasimhan
508,lowell_wilderman
509,luz_von
510,adeline_kiehn
511,emanuel_feeney
512,allan_watsica
513,jace_reichert
514,supriya_vora
515,charlie_george
516,riddhi_oak
517,pradeep_golla
518,namita_bhalla
519,kalyan_masih
520,parveen_mistry
521,shashank_dhillon
522,samir_shukla
523,gayatri_murthy
524,jalyn_thiel
525,aruna_krish
526,rupesh_babu
527,jobin_nagy
528,orie_bins
529,sharad_bhakta
530,ryan_strosin
531,morgan_orn
532,destiney_maggio
533,aatif_goda
534,rakhi_chada
535,juhi_sheth
536,erwin_thiel
537,beth_dare
538,kushal_kar
539,evert_gottlieb
540,monica_pai
541,adan_wolf
542,rupesh_hayer
543,babita_tripathi
544,paul_berge
545,nidhi_dad
546,ramesh_yadav
547,darrin_johnston
548,hema_mahadeo
549,zackery_hickle
550,jazmyn_wolf
551,bart_wiza
552,eddie_kulkarni
553,nupur_mandal
554,virat_sarraf
555,jagat_ramakrishnan
556,suraj_dugar
557,eldon_schultz
558,shemar_jaskolski
559,trishana_memon
560,jo_o'keefe
561,maureen_corwin
562,juhi_vig
563,zakary_wuckert
564,upasana_bhatia
565,jyoti_contractor
566,neela_suresh
567,kailash_reddy
568,cindy_aufderhar
569,ramon_sauer
570,margot_jones
571,binita_rao
572,yadunandan_deshmukh
573,devendra_bali
574,damini_borra
575,aarif_pardeshi
576,david_tromp
577,sahil_koshy
578,chinmay_pandit
579,winfield_anderson
580,alan_bode
581,vernie_rohan
582,amir_choudhry
583,babita_bhargava
584,kiran_hayer
585,adolf_franecki
586,rita_ratta
587,ram_din
588,mukund_mall
589,aarushi_dhawan
590,david_ratti
591,meghana_misra
592,samir_mahajan
593,marisol_wolf
594,fakaruddin_purohit
595,hassie_bergstrom
596,ajeet_sawhney
597,elsa_pacocha
598,anshu_lala
599,navami_konda
600,leela_bajaj
601,clarissa_murray
602,elias_surana
603,sumit_sanghvi
604,justen_lemke
605,heer_sodhani
606,nancy_kurian
607,salma_boyer
608,miracle_herzog
609,nettie_hammes
610,chitranjan_dugal